id,Accept
6b7ce9ec161,1
96123015731,0
b2c5181ac5b,0
e6cb54a9e6a,1
8eddf83466e,0
753941da5b1,0
58336192d03,1
816f20ba6ea,1
68907a45dda,0
411f52c19f2,0
47412c3a47e,0
ab97fcd9188,1
8ddcc93f1af,1
016e65eb07f,0
72524b6fc42,0
feb904f8327,0
cef6cd5d71e,0
0efec32995b,0
90e040b4281,1
8814d4060f8,1
cc895cfcf8a,0
af1dfeecb93,0
f867feb2cfd,0
e4d1fcb24a6,1
f0a579bb612,0
49dd743cd68,1
f98a93988f5,1
77dc0a20b92,0
40eee8669c2,1
a2b20fa5cf5,1
5666f6173f0,1
a74487f93a8,1
bb8632b89c5,0
876383963ae,1
107f40d28c9,1
9f4cc5b994c,0
5a0c1b64f6e,1
82f14078c0d,1
e80a794cfcd,1
8b2ef8a187b,1
bfc34b8aaad,1
a60bce1f174,1
ed7026c2a87,0
5365f20eefd,1
b90d180c098,1
185bf02c99f,0
486f442c44b,1
65683d1399a,0
ad6f40ac3fb,1
3bd45b130fc,1
b86a69bca5f,1
f6eafbf4a9f,1
6194f76857b,1
63ca6d10db9,1
b552b0d32c6,1
1876ce6ba08,1
7c7f8f3530e,1
0a57f22dd89,0
bc1e8db86c4,1
60b68f8be3f,0
346859c4bdf,1
c5eee800bf0,0
d33821dcc0e,0
d00b64eff04,0
ccb68b0a369,1
81d3ec9d1fb,0
a43d9ccca02,1
d0fde3ee03a,1
80fb6fef085,0
cd20f37e122,0
bb221990d02,1
5e60418afe9,0
df4a94f7e36,0
75036177cc6,1
0251930897f,0
706a1f37639,1
8670f652c03,0
aed2e40c33f,0
9cf120e8c2c,1
37d7e0b7a22,0
92862c4e127,0
77ffd0dc091,0
9a023a90499,1
0dba6e90e3d,0
4c4b315bb1d,1
ac745d18c1a,1
ab43a3db9d5,0
f4c00d6b293,0
f6c656758c1,1
d5dc1b1b340,0
c33adf2c6c3,0
9a274241d54,0
1f2f222a8fb,1
07ee05177e0,1
7f3a6b88e82,0
2f76f0afaf6,0
638b682b6ff,1
dd0b8771587,0
7029b22ed07,0
db233c2d6e1,0
e9e29a080dc,1
cc7e255ffdd,0
d475985c76b,1
05e2bf3fa36,0
7871ff32880,0
98c4114225c,1
871f0580eab,1
c0eb30ae133,0
e8d962a340d,1
d5c70f27a2f,1
b18ba936a1e,1
2933863bb5d,1
d64fea19295,1
736753a3848,1
2409a63cfab,0
8096bdd3815,0
553dfdef1e4,1
f0f018ee4c6,1
3ac1c20e78b,1
929c41c0632,1
9795c06d26c,1
6c0bb757a0d,0
284ebabe9e4,0
7af619ebdf2,1
2a28c1aed00,1
53d12baed72,1
52a432055cc,0
faedb30ab14,1
a0929165259,0
e3cec7d7e17,0
3d674d09e7d,0
11716e214f6,1
1024f9a52e3,0
380e91995a4,1
cdb1dcca368,1
108be9c967d,0
09d73d9c757,0
1da9d8d0044,1
2bcbd4fa883,0
bed366a5e53,0
2d82a2bb660,0
ef1e06f5b03,1
1e6ae438657,1
7633826c65f,0
e6aa4263097,1
5a97964191c,1
e93ee48c555,0
046245925ce,0
8858ef16c52,1
6109ddb35be,1
45e30038d56,1
fadd69b6213,1
1316aee9d4a,1
7032aa8cb2f,0
638f61d07a0,0
909b3f0f811,0
a5044fad9fe,1
f982c87282b,0
1d30d579388,0
85de0b70a63,1
ebf180d5b3f,0
8321f6ed662,1
a9a7679ccaf,1
e53762a2d1c,1
9d0200ee063,0
4d959b1a27a,1
050d5a4b4bb,1
aff2fa156df,0
de0302aa200,1
950ee39b410,0
66bb935ee5c,0
c0ce4857a89,1
04e7a93eb63,0
24a747c4658,0
2bd839d55ce,0
c861634af7e,0
74cb64a3784,1
b55dbde39f9,1
86ca76557bb,0
36ce9086616,1
2e0b34c3501,0
e0392835aa0,0
18e41276fed,0
a2d3efb2cf4,1
bb21d2c1042,1
b3e4ddd1006,0
68ee7e72b77,0
61d10dec696,0
20e6476e558,0
0a68e07156e,0
5770c6dd0ef,0
5fbe5b0bfab,0
096e68dd948,0
b7865b252c8,1
2690b8ef296,1
8fb36c41069,1
b71427db1c0,1
aea2b01b36b,0
62871e6f0b7,1
0dd75be4ddd,0
cd7b0b3b902,1
1f8a760a6ce,1
ad44cf61366,0
0a0c800eb03,0
c1e307d6a01,0
74ff175ee04,1
a66505bf081,1
ddad0b4e0e3,1
0eb4fed9110,0
985ec49d3b8,0
0e23bfca951,1
f9b6847961a,1
d98755075f2,0
2b9608b24a1,0
b3ceaf9c982,0
fba0db59dd0,1
c4f7a77d62b,0
3aa83cc9fe4,0
0e108cf095e,0
e5d2ae432a2,1
b53b19b111a,1
9c7f1824bbd,0
05eb3c22583,1
83bf6e574f4,1
156ac8a3271,1
c2ad85bc3d7,0
72774f467e5,0
ec5be9fa601,0
7ae21fdc250,0
9647b7e6e73,0
97c5e9258e1,0
83103441b15,0
ed4a8671748,1
94cdec87f8c,0
77bd3897b3a,0
31590638bb9,0
7da52391801,0
23a535248aa,0
4473d1bc993,1
1a95fcda22c,1
5b0a7c89b58,1
134b6681a52,0
a23ac52a628,0
9e63774e8e1,0
158bbe60d37,0
8dad81a4f1b,1
4c878478d24,0
09dcfd5bec5,1
3c6402b036b,1
b76f9c96908,1
5c6b3bbe090,0
9771abc9d36,0
32b6aef83e6,1
f3c878e7121,0
f61ff628f6c,0
0c414dee011,1
f63b7e50a4e,0
8b52ec0149f,0
93821f8662e,0
c87b033ff6a,1
7b86dd2721f,0
c0c5e85d8ea,1
eb1c0030693,0
f9f069ddfb4,1
009e949a644,0
e051eca3836,0
d81c52dadeb,1
70a7cc4800c,0
d82c12f7fa2,0
d8bcb3a5a11,0
0d23c799180,0
e9a4abd764f,0
9d50805df57,1
79df1859828,1
e100008d546,0
3bbe980c286,0
d44f8d75337,0
54cd9fd91fa,1
7f8295daab5,1
2b0b22fa0ec,1
485c6f7242b,0
cdd8f25dfc0,0
4e1a1b8e175,1
a06b81f1a06,1
7bbf72b7642,1
4ea7fc45ef6,0
6fdaace8755,1
c7164a2d809,0
11ea018301e,1
80c90c58469,1
dbd8480dd98,1
20c86a6dc9a,0
5414817045a,0
4358e1c15ba,0
f9a0ddfaea1,0
214d2cf04d3,1
3528a112f97,0
ec7f6472443,0
4907aeabb66,0
9ef58c97b9f,0
a441676a662,0
54ed9270e01,0
02f0081d057,0
41868123f91,0
84ae4679e22,0
5c867c36748,1
2b42e4ffa58,1
00b76af7fa2,1
4dc00e6c06c,0
5dd6a111124,1
e6d9c965eca,0
6e36b58dcb9,0
e5646fd5af5,0
0d21e48f9c2,0
22ddfc3c662,1
f4242eb82a9,0
6c21868db78,1
e15d1cadcb9,1
b0c10fd0307,0
c9c5e14e634,1
d347e9e6e78,1
6ef22890b54,1
ccd5b0b1097,0
feec6683aa3,1
4ed1f6cf7e3,1
b065b692097,0
4cf256334d4,0
7fdb5cf25b7,1
70a4404603f,1
d6853aa0715,1
dbd458f5e21,1
d93d71fa1db,1
d34d7a4a2a9,0
37ddae4b362,1
20503455a34,1
484302ae63c,1
790266de190,1
006e881899c,0
030dbb856ee,1
01c6c18ae36,1
119cd523170,1
c9b7c24a10f,1
8c3d7630651,1
1014581cc4c,0
80f60df6b9a,0
53645e8245e,1
6496e63aa48,0
c50f02f702a,0
ba9113bb0eb,0
ea331fab49c,0
f4f6741011d,1
bfe7ace4b17,1
f1ef72f8383,1
cd5ef01c543,0
b1d52fdd98e,0
a6a1f52e08a,0
82e42af19ac,0
f03013458dc,1
6ad307c20e6,0
63c24713bde,0
1aeab091a81,0
3dbd0dabb73,0
5cb4b6d90a6,1
7f56f4c2016,1
7b4891eaf99,1
e816d65ec86,1
e93b5fc345c,0
7f963294485,1
0874796fa7c,0
629d35f25ac,0
7fc4296674f,0
499263e721d,0
e2726106894,1
8fdf5f7e2d5,0
dfd777e8542,1
6b8297a1153,0
92df6fe941f,1
3a48c271537,1
397b7c650b5,0
f5ab0af7152,1
b271aa19418,1
f934437b9bf,0
324b0d79032,0
cf0070b6c14,0
41ecc5606bc,1
da704268e7b,1
f7a20958a33,1
2e2e1355a8a,0
8498218c7b7,0
e8293c899ac,0
ebbe24d7e6e,1
382b7c030f8,0
aef3988112e,0
91b188d3b5d,0
b095b33cdfe,0
eef0248188f,1
bda897d51b6,0
0b6d6b47368,0
a0929659977,0
e83f034086e,1
0319ca34338,0
6369d85a163,0
8e0032bae78,1
bcbba4c2799,1
a0e511b4f47,0
9b63e326414,0
af58d7e2435,0
1a54c99926b,1
f6c4ba37df1,1
be7d39c1763,0
ac7cc1ad882,0
cfa359ae205,0
57995400064,0
6f0bd2e741d,1
c73edfee87a,1
c43e9217a1a,0
468f251bbdb,0
72c146a4acf,1
1968e4106a2,1
6455c791a66,0
e6d21070528,0
5acd83910ce,1
623adf92e78,0
e92a2516548,0
74d7fb4dcb2,1
0d1bb30e752,0
91e7221c548,1
d9a33f72139,0
564c7814ead,1
bc5dea9af7d,0
33f931b2f24,1
c65d8c39b58,1
25ac0755169,0
50f0e704426,0
dd7775c69e4,1
9b472357fef,1
71feccdd578,0
ae689873042,0
5b27286e9a1,0
4984ed081b9,1
6c6e7ef1927,1
04cfc46bff9,1
07786c24bb0,0
09ca38067ff,0
769d956be3f,0
a2b52687f9a,0
b85b10618e5,0
cdf622c0d8f,0
76c138a1717,1
11b2481b31c,0
f9b7d170f7c,1
7bff9248c31,1
588fd925661,1
967e768ded8,1
21014a5a594,1
c7eb9420c0b,0
d9f77c7e122,1
4371f6d42de,0
2605d8faea3,0
cce0dc90589,1
b7ca1383f66,0
a195368dc79,1
b34bdad7d51,1
63aa1f9e24a,1
7a2cd7709cd,1
9017ddd6a86,0
5988917228a,1
cc9a8451c47,1
2f63d46f2d6,0
bc67dc8ae6a,0
098ef343249,1
d2889b75eba,0
fcca0f54aa8,0
e94acf6217e,1
158f916e700,1
27f116c9182,1
6121789934f,0
615f4fa129f,0
440ca8dc6c3,1
4659f051381,0
4fb4a3ce523,0
6d33a90451a,0
56ed94c2903,1
12e330ea619,0
847895fa107,0
030a691a414,0
194d62cce2b,1
afb3aa53c8b,0
ea760d7dd43,1
f5ea48b5fb4,0
9afc8dc1d3b,1
3fa2c1cd960,0
f0e1aff9425,0
f3dfdc41947,0
6e91f57f501,1
2b1fad6a0cc,1
4a6fe1b658e,1
14b22f0a6f4,0
51a7d1a422c,0
492cadf5d2e,1
56193a98030,0
49654cd3bf6,0
f4b25a8db4c,0
d66c255eceb,1
8e94db41780,0
7a4297b3c45,0
70108089d93,0
6f3db7e7f16,0
9103551fe18,1
13439a50110,0
04b300df407,1
95daa5400e9,1
849bf67e6ca,0
6487415772b,0
d7e6f6c464b,1
fa105714b17,1
35f56437bd1,1
d1e22ea6527,1
783dd0da492,0
15c3d862dc4,1
d4025d8fd36,1
45d4df9042b,1
9b1aea5ff03,0
d9715baabea,1
ebc49a6570c,1
08d3671314e,1
9dbc10ede28,0
3ceaf32ba03,1
4b751ce10f5,1
086ddc039f9,0
9d4c8d69dd5,1
7bce6b3304f,1
f6f7f9bc698,0
cf9132aaf46,1
8f228365a44,1
c8e003515ad,1
681cee53377,1
193b0176823,0
98056435627,1
10b81c67e69,1
fed29da1c6a,0
9dbd94f4b70,1
bed4c83ca45,0
c927171e97a,0
b7ddff646b5,1
89fb71b60f3,0
af3301f67dc,0
f58acee886d,1
65d9d7f8abc,0
114808f06e8,0
5b8a00a9ec6,0
e5778211917,0
e51b90a81a5,1
50de1e32cd2,0
ff54e730122,1
0023790df97,0
b85abf201f4,0
a706a6e7392,1
c7335eac2af,1
cee166a24bf,0
4b0258148c4,0
c8e42c18444,1
7651ff25124,1
01761289c51,0
48797a1a88a,0
a934499ed7b,1
8dfcd5af8e4,1
5fe4a7a123b,0
b769772f135,0
e73c2f5910f,1
68dc11c3137,0
05187742ddc,0
240f44e0010,0
192d50e2c39,0
3c4bdf81fa3,1
42fa8c0ea70,0
c21f3900cb0,0
3518b6f3725,0
42c839feb17,0
abbf200fc13,0
4d11aeaa0f0,0
21eb2f0f7ae,1
feb7164d834,1
f9fe760ac39,0
ef7fbec6da2,0
1e31bb77553,0
7f54ebe472e,0
768af3f54fa,1
2bfc3df554e,1
aa596553a69,0
057def5bedb,0
ce227fef24c,0
0b8ebb61299,1
ee1e7899df0,1
ccfde436c50,0
2a70154c21a,1
91c00d053c8,0
657363ceb06,1
2a068d8e5f5,1
12d954b68d7,0
717c1de3c71,0
4190ef6dd03,0
105901fd4da,1
f613b189230,0
0081372e45e,1
3305c19c055,0
238e1cc386f,1
b462a9b0aa0,1
f1e67f9fbe7,0
2f8f6981025,0
9620cf8adc4,0
e1750d2329a,1
8c615ce9133,1
7cf53d8fc4e,1
adf18b91fea,0
71b6a4e79cb,1
35e37f9f188,1
f93aedce318,0
ba5d98d3cf2,1
d47127c15b3,1
d197f8b6885,1
8827a2e15c4,1
38f774dc63e,1
a46f2a8e5ca,1
3997a6b5602,1
fdebaec7d18,1
7965cb89407,1
6fa7e30a373,0
9c852d2e070,1
d99e7049aca,0
ff294963a55,1
b684c0f4221,0
04bd9ab59ad,0
c5fe4dbebd5,1
b1b5fb7623a,0
31811d2772f,1
0e2fc3caf4d,1
feb70b1af56,1
6f9d3def76b,1
7dcee018dbb,1
d5d16503c3e,1
803be7f6626,0
a4176032445,1
aa53bba67cc,1
5f3d20e9169,0
5451066a41d,1
475b442e7af,1
dcbebbb4b10,1
0924285e676,1
44cafd8cc22,1
d2f6612c7cb,1
127af3e7d9d,0
50300a88c05,1
1e196ef1a15,1
b4a0147a027,0
072b7e8b71e,1
cd57eedf233,1
982570b675b,1
e1f21f1435e,1
a34b2935e6f,1
7137037ab35,1
4868786ee29,1
c36e630c62e,1
390e14cebab,1
2dc5da76246,1
0c4b692e92e,0
2579a5fbf5b,1
db2e434453f,1
ef9bdc79073,1
94c23d2ec9d,1
e0ca77df6c1,0
e22bb323fb0,0
ccac6f2dc7f,0
c929d2e623b,0
70f50486188,1
d5b28f00cab,1
f9629bd1e64,0
f303e5f9989,0
5e85da2a6b6,1
93b24066bd6,0
12ddbcdfc25,0
0f8a93bf075,0
4ef089f8dd6,1
3c8196760fd,0
88b3b94f90a,1
41aa144309a,0
3caa06681c2,1
728cfcfd866,1
45c2a77e81d,1
0a442749b52,0
273378149f9,0
24460580903,0
0b3bea9adff,1
fe02d3ea786,1
232520f4c04,0
5b3adf34dc0,0
782a41f2d4c,0
4700b1f91f7,0
928127fed47,0
fa4405a7b37,0
0e4dffbcc6f,1
2e2647ae4ce,0
b897a0a0573,1
dff1139d020,1
49f421ca599,0
0c6d3afd514,0
8fb4d9d25e3,1
eb63f9c8dd9,0
2bada21faf3,0
b0b78ae902a,1
963b0aaa135,1
34f87512674,1
b6f04b70784,1
102febe8e7f,1
0fbdb899e6b,1
af97689a3c6,0
c91b2640ac1,0
5f013605281,0
95ef307a88a,0
7d22b40b5c7,0
346abdfd99a,1
7a3f6c2a617,1
7911f94d45c,1
e8949ae76b4,0
7597d53d08f,1
f027a244eaa,1
3647c4663b2,1
75f1d50ee06,0
ee5759f0e84,1
3259c255ffc,0
39b8f35e7c4,1
37a1fbd0581,1
bfc7177fc67,1
e1593f9ab08,0
b9699f33a39,0
d3286e0b7ae,0
24f37d30cb6,1
3dd54892495,0
4447f287e64,1
b00f7cd2d10,0
92993379c83,0
bc2f54355c0,0
1b670ebcddc,1
7106080913d,0
532c99293f6,1
dd44903417d,1
f506e942452,0
1b6a9928a4d,0
ca4dc11ebe1,0
8a0859ba774,1
2ad29ebc530,0
936d6927a72,0
86dba3bb79b,1
2ba4a59e49b,0
907b9c33a76,1
a731e01aa20,0
97b91fe711f,0
f0e2b3004e8,0
bac1ca13eab,1
5c9dc0bda1a,1
9f3399f6636,0
462a67ff605,0
bf72730aec3,1
031a6dd61d6,0
ab05a486eb2,1
24846a0bb06,1
0b7733438bd,1
29b8f3c9c86,1
eaa3aa4e08d,1
1702aadc8ca,1
00b2c223004,0
daea29467f1,0
68092771dfb,0
62fab67fbee,1
3aa6923da35,1
3e38731918d,1
e1511476d51,0
2bebf4aca85,0
7de6c996803,0
7343b1d78dd,1
ae3cca84cee,1
8d37bbca5a1,0
22c90c2584e,0
0b412d6ad85,1
94bae86bd95,0
c28b3ddc3d6,1
155a97df4c3,1
f91095a16a5,0
20730aab9cf,1
337fc75d239,0
8e1419f9eaa,0
c47cb7b74e0,1
590604ad525,1
33abe97f4f0,0
8a0477f1acb,1
ec2cf30a32c,0
f61ed31e360,1
a8fd1bf41bc,1
c4a752fc961,0
09fd99d1892,1
56c62947aac,1
cb243cb94bb,0
a94086b5b95,1
3d6dfdc2cfe,1
440abc702be,1
75923e8b054,0
d1b691ca2f0,1
f1feb9797a7,1
4a47ce20ee3,0
c8d0dcbfefd,1
dbd0fd3add7,1
1f4d2f51ef5,0
e22c4b73ea2,1
9a4d57bee31,0
98c1ed8bf89,0
6d50ff3de6a,1
92ae66e6301,1
43ed71c8ba0,0
ee658141f07,1
a342a4c020c,1
4f91342ed6c,0
5528fa02940,1
d4a2f2c3de1,0
aee0e0dc405,0
6d31c58a1cf,0
0563772ff29,0
6e4bcdf6739,1
18b231f55ae,1
c0c5f18e0e9,1
9df1e2a1b53,0
450ca31bb42,1
421baf61a5a,1
5e8391d5d5e,1
4d7634561c9,1
fabb90d41b5,0
accf77d473e,0
660cb0dd64f,0
079fdcaf4aa,1
0a37c6a2171,0
9f507f24544,1
7f1c2c6e4a6,1
8db374065d0,0
9b6de0e1493,1
5307821e066,0
6f62bf6323d,1
00203227af7,0
2581185f55a,0
1b9a6ac44dc,1
709493e1117,1
dd37111dc1f,0
a40183434af,1
3e6cedd6341,0
4ea1aeb92e2,0
fd803e71e72,0
5736bbe8716,1
16fe79a0e01,0
c6cd12d169a,1
74d99f51344,1
336b5ff1002,0
39b08d617af,1
c5d45fce915,1
9981d82ffcc,1
66a6c9b7b90,0
2ef1018a71a,0
1b8bf14dd6d,0
3132bc0d846,0
d1a67788adb,1
b4c8b583a3b,1
cbbfc12c5d5,0
474853041d0,1
9887a0d43ef,0
b5caa21281f,1
f1cbac2cbc8,0
ffeebc0f956,0
37a9d9ca913,0
de3f4bcbe3b,1
4e0133962c8,1
2f13a66cd74,0
bad88875507,1
b8155c219cd,1
0755608d816,0
d6b73e04e62,1
c195ab3c6cf,1
bf2df86b214,1
799bd84278a,1
ebd259bafcf,1
30a6682fe44,1
2659e143e8c,1
ab86914e238,0
5826a77983b,0
8220e250001,1
2a99e9b7719,0
9870d46da0e,1
ca9c1c99cdf,0
216681acdd1,1
326a77e73e0,1
c8515e24093,0
86c54cac549,1
f3cedaf2c9f,0
b692e1c5c17,0
73455469dc4,1
04968a34875,0
5ab31ca6219,1
3edf9d0263a,1
46173621ec2,1
8f397519638,1
eda0fe9b6ad,1
72577cb2744,0
23a985c34ef,0
81f17002efd,0
adbcf93c885,1
b83d7de4df8,0
e2ebcee580b,0
f22aa95e065,0
ea23faf4e08,1
2c38597755a,1
b5ac66853ef,1
74e304790c5,1
11dfa113ccf,0
11939fa2462,0
22fe11fe487,1
791d8aa1722,0
9bdf1726cfb,1
617e17d09d4,1
73e5bb93416,0
5ab43d320ad,0
2366fd7ae62,0
8aa4fe41e50,1
f267add395a,1
9e916d1fa98,0
526ea150012,0
c495f91016c,1
685df793d83,0
cfdbdcc7a36,0
eee85c1bd30,1
2381873ec7c,0
2faed42fd5a,0
07b6bd08347,1
71324a9a98a,1
bfd1fe9ba56,1
ba52269b4db,0
8201ae84fcb,0
b1e121e18b5,0
cd3579a0deb,0
48cc0305919,0
d141ddbda42,1
a2521f77a55,1
41401693126,1
3a0246d5516,1
5421bf4d0b2,1
dba938a383f,1
da911e0e4f4,1
17725925095,1
5662f3459cb,1
30a435082d1,0
84e7c78de34,1
582ec901ad4,1
ecd8dd5516e,1
e434ac2808a,1
e320e817ebe,1
edde5808f5a,1
e6bb3a6c31f,1
420d01077d3,0
8e2a907549d,0
f1dac57e5d0,1
7a7b4695c3a,1
f6020e3d2da,1
b36193febaf,1
b1a0af2484c,0
8e6e922fa79,0
143bfa96465,0
580e7a71e6e,0
0e0d3e6fa17,0
4ec758e89e5,1
7b4caa6910a,1
ffcd0cf9093,1
5fc1555db80,1
a56b9643928,1
0caf05fce0a,0
d1552bea44a,0
07e97bee219,1
84f4e594a4c,0
66522f579d0,1
fd514730850,1
2d05e519b34,0
86208bb6621,0
0fdd94c8904,1
3a299579072,0
41b35e4e0b0,0
dc576831ccd,0
70ede01393a,1
164132edc05,1
f32f8b6f028,0
53624713888,1
07e5516ae2e,0
1645f2a8985,1
a2dc83f2088,0
8d0e5867cce,1
94923b65d0c,0
e99dddf504b,0
47a285f0c89,0
f66fd7c40e2,1
dbf17e0e4e8,0
ae92f2c2571,1
284055159a4,1
37864f4cb10,0
e8b1ac52589,0
6c7fe86683f,0
e200f32cd7c,0
e565eae3107,0
d7ce6f065a5,1
1eb9ef58bde,0
3fc28c8b1ee,0
f3c1e697d68,0
26f9a33765d,1
c8cb922b1d8,1
163874d5a63,1
b1dfa3d2d7f,1
0d59b5baf0e,1
0e0d25f6ad5,1
58b04a8a196,1
86b07460277,0
ec6c89f773f,0
22390bb10f8,1
65b38d6007e,0
b92efc6d8f4,0
719c31a4ab2,1
8a4671dee94,0
14472e59a78,1
45fb0d1c0f0,1
76cb3bc1d68,0
7292abe7eed,1
3aac9f29c28,0
522440d4ae8,0
48d08fe6a3d,1
5dba3b60690,1
02681af91f6,1
fd26f75494f,0
aad5a306588,1
d1c41d7ebee,0
ce65a4ed040,1
ae99781f195,1
75d21dc0f71,1
bcb1649ad76,0
fa87894c823,1
257d67bc7e6,1
b33cfb56aa0,0
df49a9292e6,1
199c7a79d68,0
bb7468027bf,1
262e1665506,1
1e8aefa231a,1
9a3ed80af91,1
5821cee5b43,1
1350754af1e,0
963e0f1d130,0
b894e0c0f48,0
1f02df2bdb8,0
2c9374b9c03,0
e9c0e423cb0,0
f4881b005d2,1
48a89cfc533,1
49686f59faf,0
d3d07e5b197,0
a94b4e32c53,0
b5e03303ada,0
811bed7b514,0
b07bb98f7eb,0
426e59dede1,1
b6142736ef8,1
e9654fc1f51,0
fbb30e47b70,0
b5aa0fa7d5c,0
b773c9027ae,1
2f194c5c9a0,0
a9940bc36b9,1
768775d546e,0
55938eb17dd,0
2c8d6f70e21,1
9d674b7cdb5,0
4b35708df59,1
2a1de108935,0
30a19e0cd8b,1
4eaef226c56,1
45b5e0a3d7c,1
707f8195290,0
540355d2e15,0
634465bf678,1
54851fc7f72,1
fe29674d587,1
289ec29f003,0
d5477350e32,0
4ac2cb69836,1
589e9451407,1
b2e00f593ba,0
1d483fc933e,0
3a2fadc49e0,1
1a7499db9aa,0
74b5e9d0ea3,1
7a877c755d0,0
11705319dbe,0
3099092b156,1
68bff35e6bb,0
85b621d79a6,0
863d909f28f,0
f4347faa779,1
601c9892c71,0
f8dec32840e,1
19e2e7c8ed1,1
a69069ac31b,0
a977c87372e,1
8c9e8df147a,1
067f1aff51a,1
6acb2722126,0
a6d534013cb,1
8950f322920,1
17ca6e8054f,0
b800a6a11ea,0
04c72dd40d9,0
b0174ce3b2d,1
a2b8c5d81f9,1
75c50d485e0,0
e02f679308c,0
19c8e81e29f,1
594b9ea5df5,0
bc3464865b0,0
1a682228acb,0
33509c11748,1
0b697fe8ead,0
267af9039a5,1
adc8f103b3a,0
9ccc52d88f3,1
9b83e2d940e,1
a47786e61fb,1
8f68550e128,0
0fa4a901f92,0
fa2615b589f,0
7ef71eeadc4,0
bfd51b93575,0
941c2a3fbf8,0
ed9faf1f72d,1
b1df11b6cf8,1
293a2e0d07e,1
22b8fda271e,0
6eae0013332,0
22db0ccef53,0
5042fc55d2f,1
5c4fd6dd9fb,0
0096c2febd3,0
8fc65272920,1
66124cfc1b2,1
9e0c955fb0e,0
6f64d0b56b0,0
597b10a30ea,0
f818062d018,1
795c6eea74d,1
6bc2d6c6232,0
0a3f615232a,0
448adcf1212,1
b86b01a79ff,1
9306d51d046,1
452486e8675,0
497972e4890,0
fe8c64931ed,0
61323e13657,0
cd6886c90e7,1
14820602993,1
611c06509f3,0
5420deac2ec,1
b83e9a32fe8,0
13c095626d8,0
f90994a37b8,0
3e67913f78d,1
e66f5107a79,0
c432630490a,1
1a283d2140c,0
1a10165ce60,1
ba7b8c86bf9,1
be7a8b5ae37,0
dc861905465,1
155f954b44e,0
e06c2554fc0,1
b26145e2696,0
1aed428f7a7,0
32a0e7d530b,0
0216df8a29d,0
dea13ab09d5,0
de4e2750738,1
fde48bddc72,1
0dfab0b9825,1
e9831b6e384,0
5446e088f4e,0
5796ed514d3,1
0efe1b05462,0
4f45c5de9a9,0
904ca659b56,0
7c62d1ec063,1
2db068a23c9,1
74b6faf73fc,1
12ea842dbd9,1
d9094325a5d,0
bdeda1eb2df,0
9ff8260a6f8,0
0cfb995ecb7,0
d2c5fa501ca,1
27f74a10113,1
c53ef1ccc6d,0
02389b633ed,1
f13da7c97ff,0
16bb91064b0,1
949f2151abe,1
da07f666929,1
15943b353c9,0
e92c0331c52,1
88371cc9b02,0
d5132b63495,1
b22de5e521a,1
1bca5b0f490,1
b2398756962,1
152eb136db6,0
a02a1c46909,0
995481ab418,1
afb7149f63d,0
27f9a7ded8f,1
1564f72f801,0
bdc024e157f,0
fc2c10470b7,1
46bec3f1fc0,1
1823fabfa89,0
96b910b62f2,0
3d28f970006,0
08f1d6f2562,0
3ce80e82905,1
88ece6a2d94,1
ac9ae31fb5e,0
ff126b61291,0
41642754741,0
a637d0b9d76,1
00db72ed7c0,0
3851e35b440,1
34d04e03ebc,1
502edf79fb2,1
de8b553313a,0
1691792a726,1
dbefeaa7697,1
847a622ff5c,0
1858d0a4b31,0
e032a2ed88d,0
1ec6db7393e,1
4c61015c341,1
04781a1860b,1
52df51c2ee0,1
66327cd350c,1
d26a7dc637a,0
a0a892712ec,1
f47ee4531c7,1
5ae9d2593e0,1
d47257e65a5,0
898cee8a2b6,0
9024a7469c6,1
5c02f9e54d3,1
a98be609f48,1
bf6b61eeeb1,0
c6202335448,1
6fc02b6bd0f,0
57f61b09856,0
e643c3bdd93,0
e0f629903e8,1
1ad4c00bb10,1
86178bd7921,0
a586031bc62,1
ed705fa7e0a,1
7cb93f46496,1
62876101aa6,0
f8b1a3c85d6,1
fb88cc0a166,1
a005c1a8812,1
b3003d2d0ae,1
75fee84ce1c,0
0ebc91d2ad5,1
8de14277c4f,0
ded785bda73,1
102076b3336,0
9845295403d,1
22b7729847c,1
1d29a97d650,0
1a108e3b09a,1
4633d15524b,1
0a11aab9707,1
5dc67560ee3,1
1242c6d1f7f,1
2fd40431b9b,1
582fb366c49,0
25b780f0817,1
5f25f39d746,1
22c660247f3,1
0dbdcb8a58c,1
bb9951ba701,0
8a529dd785c,1
459ed3040c0,1
3084f2692d8,0
71b285ceba6,1
fe5fa9863e5,0
353d28860a8,1
9f8d4f1a84e,0
474e7b80c06,0
e841bc2d017,0
e5a7aa5a6c9,1
bfb059709a7,0
52294fa95df,0
e5da83d8cc4,1
6d313d89392,1
ad88d857612,0
fe9d62aa3b5,1
67cb9fc2dbd,0
1d39a2fcf9f,0
a0e4e39b075,0
5040035e41f,1
456cb21e097,0
74eee3e514c,1
d7da84b4796,1
c6e2e150e7d,1
630400fecff,1
8cdf26a2b51,0
8986ada644c,0
9ff09e98811,0
2fa0943839f,0
7e3924a15d8,0
52692c20247,0
e26cedc5b33,0
a85267f321e,0
1c8f39f642b,1
0ce44f4895b,1
ff2d8aa541a,0
bdae7e80283,1
7c210d421ca,1
1e37a6ea73f,0
348ccf9ee5e,1
47e75690567,0
263ab1a85c4,0
6e00d0ed576,0
7ae9c3826ce,1
479fc5e7094,0
63faad613d4,0
d203848fb35,0
4b7c2144587,1
e7c74f0396d,1
b1d6b6d244e,1
a36e0e1eb32,1
492c0e5495c,1
3a46c2f317c,1
16498916335,1
527098e688c,1
5c0cd431393,0
53c5e7e066d,0
31be698c8de,1
ba8ac879ade,1
3fc10bf3a62,0
0c38e978794,0
7111d415e46,0
c50e78930e8,1
f654bf754bf,0
05e5a1854ff,0
f0f7ee4ad41,0
f3aa5764e51,1
c4216d757d6,1
49b0c76e1f6,0
9ab75687f7c,0
c6c4c24a2d4,0
cc5cd5b2063,0
3bb6253589b,1
055b2651d71,1
09d78515e8d,0
e64d751731a,1
d3b8909f360,0
e85e68b3b43,0
1fdb3a74b4d,1
c46912b3a47,0
1a11f436eb0,0
0e6291d54f2,0
8cef1aa747b,1
4c9221ec4df,1
c630d75151f,1
7fe022d654f,0
1ea64d29ba1,1
d53c7cbf78a,1
de31d1360d3,0
ae7848e8854,0
7336135384d,0
d049275e489,0
d5a1757099b,0
19ed24194e7,0
230bd00b2b4,1
6b93b6f26ef,1
e642f854c62,1
fbfc88ccb6d,0
bf8ee3fe911,0
d66fd0dd47b,0
b2f1df557be,0
265d934d04a,1
506f439dc3b,0
2020af8f83a,0
a60c260ae71,1
8c4d489c8ad,1
4dacd4a6031,1
d601c4182ab,1
fc997941a6d,0
10375cc77cb,1
73353a1a5db,1
9e2f952e371,0
2b178e52cb8,1
4db3a1a6bff,1
ed43980c6c0,0
dc28b1aae65,1
ead2855fdcc,0
0b91d0ba1f4,0
c00e9e2c5dd,0
b9a41403939,0
adc51ae2c58,0
39602f380bc,1
b8e7bbd5a81,0
a87a269a8a2,1
e8f60edcd47,1
65ea8dc3562,1
237c623e4c2,0
53d1b80cd03,0
f7d6e2b6c04,0
a0ef2b6a7a4,0
f46c03cbfce,0
9ed65f7f6ff,0
c2654757244,1
2c413f3923b,0
d6a746da699,1
fc5189daf87,0
44170f2e887,1
2f99e069631,0
637b5cfa1ca,1
64be1c8ab47,1
ff10d403e90,0
38f2eecd512,1
66f450bdac0,1
f6ef88b0458,0
dded8ccc708,1
dd14b0a1e8e,1
5570699ab72,0
ab40ed90a6f,1
21c7a09c71e,1
f98cb82bd3b,1
17fc0d56ce9,1
5d184665538,1
169b742d970,0
88d48fd1236,1
e9107bd5ba3,1
7eea4c50016,0
10fa04ac9a8,0
149764d1f87,1
584d5dd10a3,0
c97c409e991,1
8221969293b,0
c0f61b621db,1
8396c132e70,1
2d7f5acf275,1
8c5fdc59a8e,1
4bdc52b2725,1
cb64f88d4d2,0
cd4b35e04da,1
c9a0116e684,0
c7e9048a2c5,0
e43abd27e4f,0
d9d9fcf7629,0
3abb4e66d0b,0
5e8e6e551eb,0
0fa2a152bc5,1
1fe0e9ee9fa,1
a5ae350fb83,0
06e9054f982,0
0b5bc6e7eaa,0
97ebabb01c1,0
a4dc35b1857,0
013ac7acd44,1
46714321ae4,0
3d4a4791f45,0
e5d6e03bdbf,0
71af525ffe7,1
ca75c0f69be,0
0ceece71b7f,0
5b4d2295185,0
d7a2b9156db,1
2d804df58ee,1
0a9a275861a,1
b032a766e3a,1
f1dc561057d,1
f9448a3b71e,1
82118a40007,0
f030a28ae74,0
ef58db18d42,0
a5399f4a8f6,0
c59f82462d2,0
72394985c5d,0
e33f0b4dc79,1
3e338b51d8a,1
3f8e38ee652,1
584dd92d088,0
f2c24db3d80,1
7da35de2af4,1
cdae4f2fa48,0
9d2337a35cb,1
a1cd041ab28,1
6ce7754b5e9,1
e9d3a731e64,1
66083d281ae,1
e957d403523,0
2eb1045fb95,0
6c7a98342f4,0
bb6e5abed1e,1
20eea464e27,0
bf320e8aa20,0
666da9258ce,1
c9f94ea02be,1
09abd51f818,1
c127f5a7d5f,1
01068ecc70a,1
48eb8cde853,0
3b550cb8544,1
f9bf9010217,1
bfa47b8667f,1
75286fb396b,0
39450068d51,0
70b8adc7508,1
9917a413f5a,1
18bc80f5a8a,1
86d3a761059,1
26fd86755e3,0
1b49965314d,1
49b9aca3dd5,1
f5f37ac3180,0
dcc33ffdde0,1
6753231731f,0
47ef39f3c4c,0
81fd00fe557,0
96b03cf670d,0
33cc93e917e,0
56fec8a8cec,0
63476e88bea,0
5a0cd9ef4d6,1
144882bcbbe,0
d9294e7f235,0
d17843ea0b8,1
a88845d1978,0
0f4edf47bdb,0
a720cc21706,0
86bbee56143,0
2c231229e17,0
46a0ca37724,1
cee5d664927,0
48db60e4445,1
4f99acbc75d,0
7adbbc750f6,1
032006d5b92,0
803855aa4e3,1
ec08f51117f,1
4f11641966f,0
d2a1e832049,0
6d04007591c,0
07def0ce08a,1
8f0ba307170,1
f2b80abaa28,0
2dbb72df9fa,1
bbe4e744e1e,0
7587a58ac78,1
3c158472672,1
9fba1175b9f,0
d83308cb3a4,1
cd5f6f1a4e4,0
99087f51c83,1
270eddb94ae,1
fda81ff9543,1
b8989a7e79f,1
1bc059b7614,1
d27fbf5f3a2,1
5883aa71638,1
05930373a15,0
3940f264ce6,1
fa2b3f732dd,1
28007a06150,1
7b57855a79e,0
ce19bcceccd,0
6c28d6adbab,0
70a2560cfcc,0
a8405dbe884,1
7ec27688d0f,0
c8e2d291d94,1
5cac1f13b5c,1
b32843357dd,0
2d8c1f05d87,0
24091db3f3e,1
60057aa03d3,0
0dfbb517e3c,1
6ab9b2e86f2,0
bcf0c5a70f1,0
89456fe2392,0
7fc1d204ec6,0
c986a8c1e25,0
aa0a73c1641,1
4983c431a9c,0
f260fe9fca9,0
1dc2d2dc943,0
b385c4db84e,1
4a3ad4518a0,0
4e864e4eb18,0
7f873b166c0,0
1adc3dd2db9,1
4ec1bd7df1d,1
7038dac3500,1
4f492421941,1
99babc14670,1
4c0aa0693de,0
f094fd912f3,0
0ed2a3a6fd3,1
d1c22c6def2,0
d6c6b4ffe35,1
c139a763f31,1
226f01631fa,0
1e3d498cd30,1
8766f73f1c5,1
a75762ae687,0
d34fe27230d,1
84a295a900c,0
0b0aaf45096,0
8e077afea51,0
f54da468373,1
9ec716b5603,0
6aa620c5a81,0
e37a50b6229,1
7aa3a690644,1
8ee30a1fce5,0
46f4e1e2c7f,0
7aeeead4998,1
a6eb2503723,1
b6b1cee710e,0
aa9b7d38ed6,0
f4bc6e41397,0
f5c9e639bf7,1
4c2222d924c,0
9ec49cffd11,0
81c22d34a1b,1
e36688eeb95,1
9ba8d820f62,0
2f344011f58,1
ce4163682c5,0
33ba9f3eb7e,1
983a55e8f55,0
40ffc6e49dc,0
32cb839a4d7,0
5bf1a6b7032,1
0f390a67583,0
3852b424985,0
b45439a37f7,0
2d685763b01,0
bd4b377808b,1
1038196df17,0
d2a931d1ab7,1
4e99063cdfd,0
fd093a8ae5c,1
f2c72a24770,1
6fba3d8e8dc,0
69a0281e74b,0
223aa75dc25,1
17e31cab5aa,0
4ededdfc7d1,0
fa56f9d71fd,0
45a7ab613f7,1
90beff60e95,1
f82e566f259,0
9a939900030,1
bea53fd1b44,0
84e0e631ce1,0
fdb175726ac,0
a35a92340ed,1
9fa8b08ad08,0
281d9e72f85,0
20e987a9067,1
674092157e8,1
404535b1586,1
b1ecc95e377,1
efae9f69b08,0
4b3834cd582,1
404b76d129f,1
403d0741655,1
43092e1ab13,1
81d77e739d5,0
cb66e4ef95d,1
a02c7fc153f,1
f01cd55b3f0,0
5624429f9a7,0
4e4f07c103c,1
2dd792d8bcc,1
6ca2bf29bdb,0
8e732c20cc4,0
b1d19cfcb4b,1
e152af62665,1
979bd7baf55,0
861da46a606,1
ce7ffca0245,0
26da730b1d0,1
5f5373a0d5e,0
e7865ec41fe,1
9526a0d070c,1
189789e594b,1
86606b5e25e,0
2f3cd2ac3cd,0
eb2efb79dcd,1
ec92c4b16aa,0
ab44b230281,1
841c9e51565,0
b28d0dc2022,0
3542f703eae,1
bee63a19c9c,1
5717ae19ebb,1
442c4da04c1,0
5ce990aae94,1
82f23602cd2,1
db6103ad87f,1
7400a745a46,1
4ae68c24174,0
d90d687c1ac,1
997594ffe24,0
294ced47e3e,1
6e65eab7a7f,0
2b16f5dfb9f,0
377bbca62b0,1
fcd2afc8066,0
7e70761ca85,0
0f18a8860a8,0
59eef0cfb70,0
7de6b57332d,0
45c1a5d6939,1
032eb62d0b7,1
8796fd74efd,1
f1208314756,1
a0e1a161d34,0
b7f8a9c97ad,1
31f2f6d7729,1
b50db714c61,0
d247c816db3,0
da940699866,1
73b6e9e14ad,0
5b78f3d0f18,0
e0aa23d3688,1
d8e872d8042,0
df484c89505,0
3ab00e5ee1e,0
7fe24f3d92f,1
fa034c9e0bc,0
e17be6067ce,0
fd2ca2c1115,0
d1a81eb6105,1
5d1590008a4,0
08182a69cb2,0
b0f58e39cb0,0
6bd8d9c3e3c,0
b481d182e4d,0
608cca764c8,0
94a5b0cd0a3,0
b3560d22f88,1
115ec32cc9c,1
49c7511af72,1
44092cd933b,1
30fc1b86952,1
a01f913725e,0
f62020ec4f2,0
9ac54679ebd,0
eb09356f05e,1
7d3fcc5826f,0
ff3169562c3,0
c6c7b2c4116,1
7114d1039f0,1
663f582b9fe,0
3a9570d3669,1
d2445ef9162,0
b3a1f5f2dc9,1
8e38c6fdd42,0
9fc2861f611,0
bade8e80a0f,1
9d06461d38a,1
e911adba81f,1
1e75d6c2d8d,1
20e6530b2a8,1
07d9cd8abf0,1
847a6813676,1
40d8e2feb75,1
a5d686b1b44,1
7860ac43f60,0
e85b9b50f75,0
a64c9498d8d,0
66f3b042194,1
6298b4e7449,0
d119166329a,1
f87e1756bef,1
08d549a951d,0
ec993bee56e,1
34b6c758113,1
63f582aaf70,0
655d2ae356b,0
65c2078c2b9,0
3ffd51bd889,0
97f9cd78c4c,1
5ca3148470d,1
cfdc6a4583b,0
6fb6f678d42,0
1979994c844,1
289090e1cac,0
317ea617933,1
db348a842f7,0
f4a590b0e30,1
5b8bb002b11,1
48eb5c05a24,1
d3982fe74e3,1
669a5d5138e,0
5199e03d1d2,1
4bf7d993d6f,1
01e1f8b656d,1
197b8bac395,1
ecdbc4958ba,1
fec9a7ea2f1,1
252e20a363c,0
64924649e5a,0
b2a3d203d7e,0
a61f38881f0,0
cbbc19bedc6,0
1eea1a48ba0,0
6a8294f4705,1
deb1548bc88,0
4a1f2049711,1
a32edea29e4,1
c3d84c9127f,1
7a4bb98b497,1
670da88a73a,1
421d320feb3,0
5f865c8828a,0
67b359ac433,1
58181ce7d7d,0
ade482f2ee0,1
5f708c5de9a,1
aa72d0f84f2,1
389564dcf99,1
4815a494d3e,1
3606f59bafd,1
1be872f1c36,0
c1a4845f491,0
f5fbf68d8b1,0
0b48e149ab5,1
b5053003248,0
db1ec3f65d6,1
b9a55abddc5,1
7c4fe9612d5,0
ae6b44e661a,0
d71ab575cec,1
363cb7f8638,1
3f84ccc8917,1
5e16533aee4,0
556119eeaf5,0
53637a0c35c,0
b7d24f07268,0
4099e31317f,0
673710df91e,1
fe0a73a1a68,1
2ead83e000a,0
b1dfdd984c4,0
d322c4de798,1
7320ca7b85e,1
0233b679d9f,1
f25eabf304d,0
f2336b6268c,0
dfd63402c48,0
ccbfbaa5f86,0
c36541144a1,0
e69722d6186,0
292ee5d4890,1
b949ff3350c,0
01d14005253,1
46ff8dedc1a,0
df03e43681d,1
1d6532a819e,0
6207de40565,0
d8a84bc975b,1
e0f3fd3435a,0
c5c321a256a,1
47a13a46da5,0
5929d45adb0,0
b9d671d2166,1
362eba5667d,0
b2f2b9a694c,0
6a0e4bcb9df,0
e4c9ccbf3b5,0
0fa0b080b2a,0
bbd032e5b94,1
c5a6d88af63,0
40b205a178b,1
f00ab3b9811,1
4fa76280dc4,1
617fc6fdf5b,1
93213abf371,1
dde84c472a1,1
860b76e94ee,0
c6ffe425ea6,1
fa0756a64c7,0
c75830b31d0,1
3a6c76ddbda,1
6e84af29fbd,0
36d4dabfa1f,0
8855a33a578,1
104844406d7,1
dfead9edb2c,0
e001f57ad43,1
3dbb532ca0c,0
b94399ca3d0,1
5799d619d35,0
10e5d09d5dd,1
18a7b843c42,1
6733070deee,1
d395bd9dbb8,0
1e1df623109,1
5bd835ce817,1
64378ccd9fc,0
02495fba0cf,0
e5c0fb98565,1
f8b5eaccfc8,0
19e7b9c6ae7,1
4494537f5f7,0
a1909256cee,1
54f3be0c4d1,1
ea1611c0a99,1
fd1ce019632,0
3218e5f909f,0
2e1241b188d,0
20a951b3fe5,1
ec436dc1c83,1
1cfb2096f45,0
0ded5430e76,1
7f331ceb002,1
8594fac7bd1,1
96f22feedcb,1
dd34a982f71,0
61b49701094,0
3259fed2d4b,1
8816c86fe32,1
6577056dcd3,0
7502433d759,1
2c5360e1cd2,0
d96f2f517f2,1
cea9166acec,1
6063aa3faf3,0
22eaedd2a85,1
5aed524bcee,1
81b8a5282a4,0
0a98b57cf51,1
0a61e8c4a7d,0
c20faadfbaa,0
4527c91da92,1
d45c0208c8c,1
1e155a8eec4,1
59ed559e892,0
36c106b1098,1
e5040734001,1
bc1b904641b,1
e8e88e2c9b6,0
3b11074cc7d,1
1149d80bd80,1
cfdea608e25,1
3e0a0556008,1
c2527a519fe,1
c2ee8d8138f,0
158b657882e,1
c8235d881e8,0
cb070dd320f,1
875e58584e5,1
0def7dd9b54,0
a2116c4899c,0
c7a2e4606c9,1
f92e2e1642b,0
2b02db867aa,0
70ad54ef545,0
987ca433b0d,1
1915378f85b,1
740d0c78bfa,0
fe8b9eff55a,0
ca687fd2b25,1
e3e4f1370ac,0
a8b6c4479f4,1
7aaba62ff6f,1
e3b2e856bbc,1
80bc7089ed4,0
7e1c72b6cb8,1
ee2def807ec,0
2ef50095612,1
6640ae71f75,1
82d8ad729c6,1
2de64550a21,0
d9bba3e09a4,0
be72e569ce1,1
38f8959f1b4,0
ee2b5f55fa2,0
7b41bee1749,1
53cb008fb35,0
8cc18f483ab,1
aa6503ad440,0
fb8c3d39a4a,0
60b7079ae8b,0
08ae8191cea,1
80236d09c91,1
5ab25f64f36,0
1754c28ad0a,0
d883bd4b3c5,0
0d57c2f7409,1
c7272dd52cb,1
2a9071f5260,1
edda12b9365,0
8015dfc6a79,0
7d5e3622453,0
c85d8a1e4ce,1
79acc6f9602,0
cfea32154e6,0
43e2963bd95,1
bdfc6e3f0bf,1
6936a7feda6,0
8d4530cb2b1,1
232987a2986,1
b09e17c940c,1
971bf00b23a,0
d090f5b8a46,0
7c334db9294,0
0600b744200,0
f73f282796e,0
6ab569b22cf,0
3cdd8b2f71c,1
4f6d597ff3e,1
f70f13234db,0
d308efed183,0
3368dbafc72,0
bcf6fef5a9e,0
651c2a5e71f,1
7d3d3d44717,0
ac4c386d37d,0
db9e509b158,1
5269af82f19,1
b60e4cf910e,0
dda55bcce03,1
5fbeffd73ce,1
f515dd2fbc6,0
7d532e75b95,0
d3cde590371,1
d6dc6bb97ab,0
2e36075056d,0
05dbc2e2a80,1
c54635537b5,1
7c20387bd4a,0
6b9b457f1ed,1
0594857123a,1
5f47a8e279c,1
321c80d73a2,0
f4b4abdd22d,0
104e93135d4,0
6e7d4fb6b8e,1
f69e64ea3f2,0
a1b24ad0cef,0
3b923fdb256,0
d4399a6434b,1
4a9b6b516c7,0
2655be865e9,0
73f240fb04c,0
2fd0580cb91,0
a137636885e,1
ef2fd4da84b,0
e2ae789c4e8,0
d5f08bae8f9,1
6b5c9c69e4c,1
0f31688a1f4,0
07914755a4e,0
5bfd38f191e,1
03bb9ffcce6,0
604ebbaa4e5,0
1c593299234,0
ee74fa5a7be,1
f01dee0c40a,1
2412bae5de6,0
25d3063cb77,0
ece0a458f9d,0
f8c3db3a3a6,1
10462078c0c,0
a37b0bf4811,1
792138e6f1c,0
69de2a8e656,0
ec985daece5,0
93c8118b209,0
f74a3b7be11,0
e06e0b7874f,1
fef373add80,0
929d48c0c2b,1
28ade0ff535,0
32696f70436,1
5e97b3b80c9,0
3dc2b8b199a,0
40abc042316,0
3dc5616a9bc,0
30ed2c5e7b7,1
860a564f9e4,0
b18af6758e9,0
035170918b6,0
c45d97189ed,0
cab01703e8b,0
647777e072f,1
17aaee83325,1
dcbd58182b9,1
0ff87f9e2ab,0
c247fb3ac25,1
d550a4d3d31,1
41ac1577bab,1
5dd67ca83dd,1
14e3e6c01d5,0
7dff37e1e99,0
8095321b926,1
d164c4f2bf3,1
c012dfaf297,0
6d07df94e3b,0
6111c2496aa,1
2fc7f38a8dc,1
03adde2b4e5,1
163aa509b6a,0
591e064dc45,0
f978e717a73,0
60541709ea5,1
7bec6c15de2,0
fefef2be816,1
f2853612d51,0
fa01a8619b2,0
0617576763b,0
3876e961bf2,0
10d0d8cb64d,1
aebcf894987,0
cc1bf526076,0
0cc07d1c808,1
d70c5c5baac,1
f4d3f72cb1f,1
b18597bef43,1
bf98a4f7304,0
7b0aa500095,0
ac36b975a69,1
1c276d920b8,0
b0639fbab5c,1
fd018f28ed8,0
959e3fbc7f2,0
764453452d1,0
08f66d5997a,0
d0f3a7486e9,0
19471baf579,0
751a4a780b7,1
ef18d8f6c92,0
fb63b7933d9,0
f5e3679f300,0
db225c82e7a,1
722ac3d7784,1
5cc1e030626,0
5740652501f,0
e7a6b2855b9,0
86383c2340f,0
b23fd27ea56,1
c082c6c345c,1
e5b6bda85c1,1
e29fdd3bef9,1
8e532204a14,0
414a07ccc1a,1
ed8b19e6504,1
55dc418894b,0
60b5cb5b32d,0
8f52fa0f334,1
8b3da0f2eed,1
3cf82b44e98,0
4dc8a713bd2,1
f2495b99663,1
dd8fadf4d86,0
8fec11379a9,0
aa8966b95f8,1
4df46f6ff26,1
f2922d98ef4,1
03b616ce017,0
24026dee910,1
f248b31f8db,1
cbbf7e29c17,1
40ad42a7535,1
451992ebcf0,0
49d3b4af2ca,1
cb8b4328014,1
7282f0092c6,0
e17622c1e43,1
4d0fc0f7844,0
5a202c2955c,0
f9fd19e2164,1
89b7b1b04de,0
e1a6b7df8a5,1
b4ac0afae88,1
306b603a504,0
2a7af58eb56,1
34d86062d07,0
fd1089be263,1
ae9114b9e09,1
173da25bf27,1
c4f8be9a6dd,0
f5cf35ed947,0
a65073f134e,0
c5ef66525b7,0
3f14e62df78,0
6e538f843ec,1
e22cc2341e7,0
3e6c6a4e878,1
69bd15db30a,1
386322f01c0,1
07e85941fa7,0
4f82ab58a0e,0
b93c9c55cc3,1
e156b223123,1
df0345fdae0,1
b0faa9ea4ed,1
b54ce408f34,1
0e2e40f2f91,0
241b61e73f6,1
cf35f76a4c8,0
914f3d0ea2e,1
7cd7699015d,0
6af7bb26813,1
af05cad309a,0
edbc08e8c49,0
dd489c81d9b,0
0e61285dd4d,0
a63e4971f59,0
c3da30bf5bd,1
7b33642f4c8,1
1f7e8ccaba6,1
8ca73bcc82f,0
00ce3dc1067,0
c9aefcec118,0
2addae978f3,1
d2490a6ef70,0
c024b59b56a,0
66b6885816f,0
1ea0d41d1aa,1
56a2bb6c5d3,1
e3ebc21a0ce,1
f5cd7edf236,0
0056069f065,0
ce064a06b23,1
cfdecd84a13,1
5bc6142eb4a,1
c982cff7f62,0
7a8e08abecd,0
9234d6716ce,1
2976893cbbd,1
9faa2f4af79,0
655520236b8,0
b8f9d3c7b13,1
ae388184735,0
66134dc4b63,1
ae164b2ab12,1
fcc06f843a1,1
3dc164edd12,0
9daa46ba318,0
b916bd18dc4,0
3dc0ecbdb7a,1
c2af7584229,0
a2cf9f72897,1
8ab80338daf,1
b148a3162a9,1
ddd5819fd96,1
dfb93d9e6ff,0
1382431760a,0
be8cf967c69,0
0a30d65fc36,1
8715bd9d00d,0
cf35fb60d7c,1
94d983221dc,1
629107c27ae,1
baf89bcec3c,0
384ff3cbc32,1
6c0570262ef,0
1fdc94ae35e,1
a1176cbf072,1
e8b3510c0b8,0
92851c89e51,0
ee9e434eeb6,0
1d39e5dfbf2,1
af788d08322,1
2300652f7b9,1
ad95dc1e0ab,1
4b958111e93,0
fde06c30c3d,1
4cd5aefb1ee,1
22bef761942,1
3141663bdb9,1
7ba36dacae6,1
a97fa8a9153,1
b2b03bc9a49,1
0c8f54df5af,1
21b5b59181a,1
f94019f98db,1
edd9af073a7,0
3e5fee61128,1
eac1e4582bc,1
f6dfb76c25f,0
5d933ddc534,0
9f84142c6eb,1
bffd875c33f,1
225e5b1c699,1
17c10f766e9,0
6cf81102c75,0
bb5df0bf220,1
7e12e00c658,1
be533c9171b,1
add99288ec1,1
a204dbc4452,0
a177361de86,0
a078bcacc0a,0
cc5aa3bf94a,1
3c187d1aeab,0
0f4f8dc614f,1
2844d9ad861,1
ad2aba26b47,0
9976abb5c8b,1
af2431a1d8a,1
d5342448535,0
732547fc13c,1
63e08b886d5,0
58ecf37941f,0
3f37c7a1fee,1
d7e7b089480,1
80be2905c2f,1
258a82d6fd7,0
559a353c327,0
3f0a85c4639,1
5a6c440a59e,0
e9c98be58f3,0
123a440e111,1
2029323c044,1
8155b4a50f7,0
046ef4d0f81,1
ccfc3da7fb6,1
9550b9009b6,0
17a32f2c3fe,0
075eb8c298a,0
00a5c7d22af,0
03711211554,0
00aa401093c,0
1226ce5da47,0
16473496429,0
0e07bdb0fe1,0
150ccc26491,0
0ff503336ca,1
174767607c0,1
4354395b480,1
95fbb6e56f0,0
38a84634ce8,0
31f30552503,0
7d363459ca5,0
32c86af6238,1
a93f3ed51da,0
636a98351c8,1
a6a8ad187e1,0
cb352e0d8a2,1
ab9195393ec,1
aec8cd211c4,1
6a4fef40976,1
723bab4be86,0
74d30ff68ed,0
9d1f6dd352a,0
332e5684e94,1
b11e4b6609f,0
1a9b588f6c4,1
4311f2f9259,1
5d36f3ca3d0,1
62608cf6bbc,1
084cc4c19f0,0
6ce6cfdd199,1
bc89db49db7,0
57f0659ee58,1
cbe8ce5ea15,1
7c5239eac7d,0
d6ce5671078,0
e70a7ea7da8,0
26dc95e7969,1
c9e96a90ed5,1
f4986ac91e8,1
5099ae77a8e,1
50d2265a54d,0
b7f228e0c1b,0
75ff4da2c6e,1
5f4c108339a,0
b948578f5c1,1
e0a5f77b6a9,1
a3a7aa89857,0
f79f71d83af,0
713c23c4aac,1
69659ec76bf,1
b529a24f854,1
a0863c3ffde,0
762bb2c233e,0
2d0b7c8300e,0
7dc84a53531,0
b81eed4c790,0
64f9737ff8a,1
d0e853b550f,1
bb02f862ff6,0
810fafc96a4,0
30a930cd078,0
37d9b1e2419,0
94f22f4b09c,0
04213e200da,1
659edc31bd0,0
f75650ea9ef,0
f3c0cd93e27,1
cf485564b1f,0
a95c38712f6,1
8a4ef2034a7,0
faefcf760e9,1
a8c011d42d3,0
cc133bc2479,0
dea126099ac,1
8210764d170,0
35a993db99b,0
47796e5a0d6,0
3cde131f842,0
caf51f26a47,0
4465a5eea09,0
a9b16cf69fd,0
a30a01d3a30,1
9a837573b2a,1
fa3690c4279,1
7bd3e2c3697,1
72b27fece6a,1
ba396808bf9,1
e4eafd0c94f,1
01abdfbf49c,1
2d932d5bdca,1
3a3b68d0e0f,1
de1c24f72e5,1
0d18ef0c3cd,0
f737dcca1a6,1
8324a98875e,1
081fa2c5c8c,1
ad6b7fc6e73,1
88a4e4266d5,0
ebbf5d842f7,1
bcdd0fcf0fb,0
5240e11c3f2,1
72c21627f46,0
bd89463e994,0
b8200673075,0
25286c492a9,0
8d9436061f5,1
2b8c4afc0c4,1
f1903a6816d,1
b20cbd22484,0
6e580f34a2e,1
9b7965d1149,0
d90c90ab2aa,1
a29293a6d50,1
a007667b06b,0
d9566beeb3e,0
14b9f0da76d,0
75574f44a39,1
e676376f3f8,0
ae5804b6919,1
b6fc8484340,1
fbc3822589f,0
16b8c44c3a3,0
eea4583d308,1
faf414bb541,1
64fdb0d0001,1
c1929879c7b,0
5dfdc10a34d,1
6e3381b1f5e,1
88a2d9f1d23,1
48c478accd3,0
b2f3775e783,0
7be788a3fcd,1
f5833185187,1
1e671d8673a,1
5e88b0a8186,0
4b4b18eac47,0
358efb1e171,0
cfceae71441,1
2a85a5159e7,0
1477ff829bd,0
aaaaf6fc59e,0
ed9f4b43570,0
44f699d35d9,0
174dd76251b,1
9cda40da854,0
817cb3201e1,0
284e9b1a8ff,1
5493bad3f9c,1
11ce32f7a86,1
5ddfd454716,0
c23610ecdd4,0
dd1c2a44d34,0
fc86883af98,0
dd5eb73171b,1
0fb1bc426f4,0
e0bb912fb97,0
6c098014221,1
6be0481df60,0
88a6de4695f,1
6f65ddd78f1,1
6ae9820cdff,0
30c8f06fcc2,1
a590461d4dc,1
4cc62a96214,1
4a876743965,1
0bb8f628c89,1
5981f60ccbd,0
629d71921f5,1
9b91d8caf86,0
df39fcadbbc,1
6a9b9fd24a9,0
dbb60a7bf69,0
705a3a74edb,0
dd088df678a,0
6e054f740da,1
9254c1c3397,1
44eaf94f415,0
5340bf79d7c,1
95556b2aa6d,1
8663cba3c23,0
46e26a2a1e9,1
04c91b3584e,0
3495a9d49bd,0
543b25f012e,1
d6953c66484,1
119ce41a3cc,0
b5d06958206,0
fa1c62858d5,0
7e6ba13618d,0
05ba9a8d89c,1
83f370fc7a5,1
526ea3ee17d,1
c6cd5821bf9,1
e2d19a76e93,0
e925e35cac2,1
6440198cf1f,0
51eed93d4e8,0
26202d61633,0
3b836b31f22,0
9fdb41a7bc6,0
fa55d45a704,0
7965c75fefe,1
dd4668836fb,1
2ab298d27f9,1
2e48cf2fbcc,1
8700c9685a3,1
e95b2c878be,1
ade519ae592,0
425742c2da3,0
aee897e5195,1
3dbcf0e97dd,1
7c3f1ef3ee1,1
cad231034c6,1
ec162c830a0,1
1cfea2e7b53,1
cd7ddddab1b,0
6cbc8ac628c,0
c1f1e73e4d6,0
4557579314c,1
c10f4510f70,0
c7a8fb5efff,0
877847db393,0
8ec11ae3010,0
dec025fe393,0
e40d5b1f6f6,0
7f60515e2b5,0
04945ed2974,1
1e7b0152a5e,0
a7cd590f63a,0
85dc175824f,1
65f274754a4,0
4854b2d73a7,1
3cb24229909,1
df01597529f,1
86679699ec5,1
cce85c03736,0
eb0885ea3e5,1
8e8168bbcf6,1
2001f0929ab,1
ae4acd01894,1
b3e22190cae,1
9ac9a6e4645,1
b54ac8d12b1,0
3c238f9d315,1
bd370d1b680,0
0be75011c33,1
311df8e4e29,1
de159ea6896,0
1f69e8d66d1,1
eaae005d0bb,0
ab439dffa81,1
aa531c097c6,0
b987be56318,1
14c2e2a15ff,0
70e01486008,1
2caeee27cd0,0
3f3b2e1173b,1
e67c005ad13,1
509041fe0be,1
fc903f1f737,1
750ffe798cc,0
35cc039ea8a,0
d9028a6f6f8,0
7528cb3d1bb,1
7bbe23ab8b3,1
b3d6276bc85,0
96416e15132,1
9aa17723300,0
ccde727e39d,0
61a92535634,0
53f6389f13a,1
557160d2d04,0
713cb9acc18,1
e74cf20fc9c,1
8205a43764a,1
40e042e1988,0
80066359139,0
2d874ab1a0b,0
88dcc396db5,0
59a0a63d277,0
8b02f81e0f8,1
410b5cd74a6,1
992a0eea3ec,0
998cd31715a,1
7ded3cad417,1
940b2bd521b,1
e6fee34cc9d,0
83b4add4710,0
e744134a77c,1
8c4c9e3fdfd,0
5e46f325f0e,1
e94a638240f,0
ef6ba2409eb,0
77bf7a188f1,1
1b31804e54a,1
7d9833d4933,1
d661eeadc53,0
dfb5d96f720,1
aea00ad77d6,1
f480c08331b,1
0dd96545dce,0
7a2bb3bba27,1
0dba52ac933,0
fcceca7ea2f,0
508e6eec7b8,1
57e8386b400,0
f638b55cda3,1
60012be9fab,1
a2cf09a90e7,0
7b0e4d8bd2b,1
74e45246b6d,0
d38ff2d61f4,1
ed5bd83ce4e,0
3efe55d7307,0
2b0b949e4f7,1
ee0bda8a44f,1
8834759ecf0,0
8bcb3683e4e,1
4a78da30c41,1
7a29dbff335,0
a1f19b05aaa,1
e51976d9da1,0
3dd094b630c,0
13dd1b4b5bf,1
f6255c3035e,1
681cd300aaa,1
2770153355f,1
affa39f80af,1
043530acc85,0
580b775963e,0
65fa33f6057,0
6fcc7d15646,1
ec95115a4de,0
3ec2bcc4d13,0
b647f7f30a7,0
dd456ced8a6,1
8ad2031aa0d,0
7a0432a656d,1
d5a53054a97,1
9af0e99b67a,0
e3228de2841,1
e36b6d2e1a7,0
b3caadca4bd,0
6f0fd9871a4,1
b20b30556ac,0
093c5e3aacb,1
485d97d4bd1,1
fb9b177f2b4,1
324b2fb2e89,0
e1eafb75688,0
c071ea94372,0
c1fc0c829e1,1
b3404c3a84a,0
605aeb6e545,0
86b6df6a220,0
a1c0dfc15ec,0
4a2a5997c75,0
05aab477a66,0
a82adf361ba,0
d26bec4358c,1
b7718312233,0
00a4442145b,0
43d35707f82,0
f99aa88a7f9,0
40dfa6dea3f,0
8678ed8164b,0
42858daf54b,1
10b4d1e1d7e,0
9eed55577da,0
6154141594d,1
48fe0268829,1
be3556470b2,0
89f6bf5fad6,1
58f190e26c3,1
f0f82bda97f,1
38cef52da47,1
59482327a98,0
52b87083676,1
219c2cdc492,1
44efdd564b5,1
f7a7e44c3a9,1
9cf406fc84f,1
ab6f5c4859d,0
7fb7d268168,1
df6538a26be,1
7dfd788ed6c,1
0438c51dfb9,1
1c5982e8167,0
28e52fc550f,0
0978d04db3c,0
83028892953,0
7b664c68658,0
9110f687ae8,0
8cf8ca3b4ca,1
120faf31be5,0
20fea3939a2,1
9551fb16531,0
8d8a8060821,0
924ef7881c3,0
1a1bff57591,1
87b70531354,1
5cbc1ff2ab4,1
c98be19f5ab,0
72452495cf7,0
812feccbef5,0
e2fc0206e62,0
42c199f1ad0,0
bdf6c8c80ce,1
853ef5109e0,1
d51c6f733b5,0
f190eea3590,0
de5e2132d95,0
da271125b4f,0
39b291095c0,0
0cf6d9aa675,0
5ff36723fb8,0
12bd6907be7,0
c6ad20c320b,0
2dbe392cc8b,0
8aaebcd9151,1
03714530e2a,0
49bf174a8dc,0
bf8843a3bcf,0
266a85e1c3d,0
e2f5a722dd9,1
36f16d4d544,1
e8064623fe9,0
27be84cb041,1
7b2398b3140,1
bf7115b9320,1
be033cba182,0
5aa9a87cbc8,0
c8dad28ce6c,0
2c17e8a9c80,0
e9c4d1aad61,1
76283a93f3e,0
c3ba77a5eed,0
909dd51effc,1
c45773f1c88,1
cfef37e2f06,1
677b5130a81,1
961341787e6,1
a3d0f40bf92,1
d837429630c,1
b9de0dba4d6,1
ed8cbb3c3dc,0
acde12b0801,0
ae043c8f68b,1
7edf5f04b54,1
c88e6a349a7,0
832d148a0fe,1
7d131e066e9,0
e0aa6427223,1
fa5f515fd60,1
43baa7134af,1
a42ef360419,0
438fe694582,1
98a0e8a66e7,1
c4247687fb9,1
effc5c73543,0
fdfafd34dea,0
b638421e12a,1
f63ad2a1c3c,1
8d840a553b1,1
3ae09160830,0
cb9ef22e028,1
2214265a18e,0
aead0c75787,0
fe4b56f946a,0
018d3fcd03a,1
5fcc67ef843,1
012a1c55fbd,1
61edfe5bf68,0
29bbe622cd3,1
e7666bddd89,0
8fcb12f26e9,1
76ad724a9fa,0
eab563a0504,1
0413d0cddb7,0
9854aa31d5f,1
fcd69d4ab99,0
1f1c4502127,0
9cd46985561,1
1ecaff75a38,1
5820c74c440,1
341d2b5f33c,0
9a80c702d57,1
b0f1af3ebf5,1
8618a19953c,0
44f379d2e53,0
e1b0443029c,0
85125573479,1
97acf650d97,1
c7bbf97b685,0
aaab4d7bba9,1
23e7793c2f4,0
2ceff5bdfb3,1
a5ac1cb231e,1
0e506132997,0
858a8f23cb4,0
afc6cb41672,1
dbaa6eb69e4,0
901cb8c5e76,0
0b26649d216,1
e91a5afcb53,0
f7d53661684,1
607b7045be5,1
500613f9a75,0
721e0ca6f69,0
2c9ae937642,0
23d7b8f9d10,0
4b7cced8606,0
9592a383f7b,0
d0f8052c8fb,0
274a44ed211,0
3027dcfb4bd,1
24b9ea470a2,1
692ef45c2be,0
0c80fb80f59,1
ed91a2f7879,1
e63f452196d,0
3c60b1ed8c4,1
5a34141fc38,0
8f73425acf2,0
4754f2f6147,0
bcb890bcf02,1
c2b99d2a577,0
718bca7575f,1
2561189d598,1
801c3e624ef,0
fa37d9c28a5,1
8fc0f1f000f,1
1c7b752cfae,0
b115e96b8a5,0
384621dd2ff,0
98d1ae1ae22,0
323363cec25,1
35adc6fbd2b,1
10dc9d04914,0
685db1f9ce6,0
83adf318d4a,0
543bed0afa9,1
6ad6b891a4d,0
7e3e3a3a95d,1
41368769226,0
bc9df27a8b5,1
32173fe6254,0
ddfee2029c5,0
2d99a97aa28,1
a69963dff7f,0
f5db30f27f7,1
ed8802e42c4,0
91483bd499e,0
bb8d7bd8565,0
7b02d88d1f7,1
a83bbf7eaa2,1
0bfe34a9f17,0
263868e181a,0
a46025afbbe,0
50aa96602f3,0
429aa2938d4,0
ba21ff1a8e1,1
50ddf36d6b8,0
c78a3cbc4fb,1
fcbb9b71b42,0
8915b7cffd9,1
4596f8b4164,1
7b4542f2c81,0
b315e1365e8,1
7482bb09589,1
4c51e357cd2,0
9d22a4e7eba,0
a7ba835bcee,1
3ebd8a4d407,1
23b565b3ac3,1
e15eeeec9fc,1
70445071d1b,0
ffd50818c15,1
a91be5a9433,1
f1d41e6e6b4,1
7c865dee2d4,1
a1e84bc8fd1,0
d6400c53468,1
a2041a6235c,1
b456455c2b7,1
1063471c8d8,0
8e13253b804,0
3677b05843e,0
b7745bb63e4,0
ba1577f453e,1
ebdcdd88cf2,0
a5b085fe236,0
b7a99152ff0,1
70dcfb2b1cd,1
55c8f0f614d,1
f5c0f73991d,1
9b88a982d01,1
1cb6f806657,0
94a23df36ee,1
74b45ace0e8,0
e59aaa6917a,0
573861e118f,0
d6b3d259d0e,0
3b8a7b7defe,1
d94089072e1,0
d53245b87cd,0
4d3c8ccd603,1
3d595580492,1
d9f0b0d4675,0
4962915801b,0
b37841254d3,1
fbf45445e27,1
b44e4789408,0
d3aa8201c71,0
ab0df02a19f,1
a940a58c06a,1
7696a9540f3,1
4fc33eaf4bd,0
bc961dfc6fd,1
8648e56e8c1,0
46a99f2634c,0
c045e72833b,1
1a5209cbee5,0
d9b3d38f01b,1
ed105188333,1
3a2279ef4e9,0
6ab8b1bd2c1,1
cab707e5e64,1
14444660994,1
f1b4d99df19,1
1871b8db670,1
46352631e91,1
e4f593bcfc3,0
1c989a44e5f,0
63a8f3d0567,0
b5a63511a5e,0
278b6f70028,1
4374c64c65b,0
4ce371a1bd0,1
b551fd0217e,0
4101df3d8d5,1
b8fce61695e,0
4251a4156e2,0
cb33dddbb6b,1
c39e0653a86,0
7a6cdaa81a2,1
ca01e6d1245,0
1216b7328bb,0
d743e9403b3,0
0ba68e08efa,0
74fe210b374,0
415688d74ff,0
2c7ae6e81b9,0
9b215b20ea9,0
062b30bd544,0
b31a27f300c,1
bfc7fd42113,1
ffd7908cc1e,1
ae7edea702b,0
9f90e18bb8a,1
3c043104f06,0
356a208d96a,0
969801ce0c7,1
f4b35281cc4,0
99435542983,1
ba6465af5bd,1
2c12c052fad,0
d824427d5e7,1
22bf398a3ec,1
c32652218d8,0
19f02b9449f,0
e3c0ebc2055,1
c247858fc9c,0
9a96fd9931b,1
8925981447f,1
1cc3d4e0590,1
821c41c8b44,1
64829d9fde1,0
e01b2708633,1
6a4ffc83a30,0
5a66ac2db63,0
2f8ca8555a8,1
6a7834a0d03,0
7ada2482f5b,0
a9fa7a83e1a,0
60a4c76f89f,0
b9779f5f02b,1
e629d7d3380,1
17cc8cc5a2a,1
6dc2e288346,0
509a55023bc,0
cb910e3f283,0
243684ffa29,0
70c75bbc9dd,0
df4f4957db9,0
5b020873de6,1
3951ada30a8,1
9a98e04d132,1
3dc1891d73c,0
9f52149b5f6,0
cc201cd6aaf,0
dce344977dc,0
5528a1b1c70,0
688c1827bed,0
cb5a41cd2d5,1
c5739663eea,0
c2d90ba4045,0
9f9c8667995,1
c0b9f3f64ea,0
8716cbd5753,0
d188de890fd,0
37c6b6aeb21,0
6ded39876f7,1
d69822899d9,0
af4a70431df,1
a298b66a712,0
43ebfe635ee,0
c06d3c4b095,1
1764065d3ab,0
9a01cb55dda,0
7544b7c29a5,0
199aca43fb2,0
8875b46c135,0
9ac627454a4,0
659e5514172,1
5efddd8cf24,1
2add5e7a4c2,1
7bbd8ef2068,0
1956093e5ce,1
9f780795732,1
0cd3db23566,1
5bb56d83e14,1
a639b34dcf8,0
ca98eb1f44e,1
bf6eef944ea,1
a9200e52e98,1
b513bd3d9db,0
c16cc04219c,1
ee3daf635c0,1
d1bd5543962,1
769b7f39e2a,1
314560eb58c,1
f193be7ccf9,0
432f23e86ae,0
371c5e299ac,0
cb20dabb39d,1
b913461d3d7,0
49f25f25acc,1
1d80f7eab62,1
b827974cd82,0
e0cd6b745c5,1
72a6591947b,1
ba7cf7d8817,1
8b731c54197,1
a3560c1ffc0,0
2aa1ea8254f,1
4ed39d31754,0
262a873f346,1
2951b5e1b2e,1
2c6088034ce,0
fc63a6fe7ab,0
46a6228edbb,1
666b1a5b132,0
ffef2acb18d,0
d4ec29e3fa7,0
b84fae25fe3,0
c25d56592ed,1
5f73e649dd9,0
14cb45951f2,1
befd9dda231,0
8969c47f577,1
825d6761921,0
5453bffa1a0,0
56c2247e5f3,0
150cfd45c58,0
b3fb85ea0d4,1
7175c39491a,0
d901dc8e031,1
a477593d417,1
aa08cff52fb,0
9ecd8792bda,0
3fa296575b2,1
6296786b1e0,0
67f179d5257,1
77264a88ae3,1
011656d68fa,0
caceac9ef39,0
c0172afe3c3,1
4b13d025c74,1
143514efe85,1
731b74a9547,1
8b8a8b274fe,1
93c18800551,1
f95fe40ddba,0
1c487afc3dd,0
ab3fdf1d12b,0
ebae850c22b,1
7fc37b3ae04,0
dae10dea0a1,1
9cedbdcb911,1
3e2e97b23f9,0
ce14d05daf4,0
5e96143b6c9,0
c12ab106b2b,0
1b51cee1bfa,0
727b4177762,1
5704ec4f136,1
80199c39d98,1
cd0b7e5ee08,0
38d7ef67e6f,0
ec63b9abe60,0
aaa7444fdae,0
e4c6c3fae8b,0
de0680f4456,0
a8bfd8ddd24,1
4dd6a35e92a,0
a644d1b116d,0
3116dae7698,1
84d096b0a77,0
d40553c4e27,1
b9c019089e7,0
b56155fc3e3,0
0b263abcf82,0
4bcf6ac90ba,1
f4ce5941574,1
a854043c73d,0
dd224d03b4d,1
9e8f9d0d38e,1
0aa785bb167,0
563f64455d7,0
b6370dc8ec4,1
e12ff4771a1,1
2354b5d6175,1
979bcdb68c7,1
acd7241f8ca,0
7f774c7c19b,1
4a8e83e8914,0
39c5a3089f0,1
d44e8437c41,0
6d314ad109a,0
0092a4e216e,0
7ba20a478be,0
a739b2237bf,1
1eb8960b7d0,1
582a48386e9,0
b107abbd92b,0
2888be86f33,0
7cf8540fb6b,0
30f24ba9266,1
3d875f8dc5f,0
8cb0579245f,1
6f508c963de,0
a26792022fe,1
bf3ffa0e155,1
189fcff450d,1
98eff5b9d04,1
7b4e6013644,0
140f81c9362,0
c70e80921f5,1
ba34002c70c,1
ea37abcfc1b,1
77f545228d2,1
9f67de30a9d,0
97c7618640f,1
7c40ba12052,1
d7b4d9b1e71,0
63b0102572f,0
f6239f8354b,0
26dac45ad53,0
a68545da714,1
df326e0a13a,0
c96e45f3b2d,0
4bb6176cc0b,1
e0bee9a07a1,0
1fc5f396e23,1
be3753ea3a6,1
2a2c95bd9e7,0
9106d056341,1
ec1eb94c45a,0
ad639a18d36,1
788c74e3f71,1
e3ae7f46c16,1
ce482e2e90f,1
d839186326f,0
48f4e12999f,0
9c63f41bb29,1
0f301d3b0ed,0
4e7ad7eed2c,1
4ce0bb3d50e,0
b46edc1c189,0
75263576f9b,0
3068d5d87e6,1
cf190451ca7,0
4b20c803bc2,0
c6616efbd60,1
d7a0e9ac48f,0
dd091685a27,0
28e4111d40f,1
443a8e846a4,1
e9d7532ea99,0
d98c147238b,1
a5d5cd7f40e,0
2f0fbfd1769,0
09fce6af736,1
b3c9c8ce1ec,0
d5deeea52a4,1
1f9c2a1e358,0
0e723672c4b,1
31e3520cb91,1
6ace2965797,1
331ced2dc54,0
f5dff29bb96,1
a0891148161,0
b6af6856580,1
90f6d25397d,0
6471e1d9d7d,1
66de2b5cedb,0
f2ba191cea1,0
43d991efadc,0
1d43a2aed3a,1
5950db39be3,0
20d06a8cbbb,0
f18233a2e79,1
695dc5bf92a,1
a743b1f5e35,0
c96e1e976b2,1
c09285757ef,0
9d12dea0dc1,0
db18d6ae529,0
0880aa4a21e,0
370ac22ea73,0
0287e421b32,0
dad30d0670b,0
